{
  "$schema": "https://schema.management.azure.com/schemas/2015-01-01/deploymentParameters.json#",
  "contentVersion": "1.0.0.0",
  "parameters": {
    "alias": {
      "value": ""
    },
    "adminpassword": {
      "reference": {
        "keyVault": {
          "id": ""
        },
        "secretName": ""
      }
    },
    "omsworkspaceid": {
      "value": ""
    },
    "omsworkspacekey": {
      "value": ""
    },
    "adminusername": {
      "value": ""
    }
  }
}